year,forecast_value,upper_ci,lower_ci,indicator,upper,lower
2025,61.14006514658104,67.25407166123915,55.026058631922936,Account Ownership,,
2026,64.70195439739473,71.17214983713421,58.23175895765526,Account Ownership,,
2027,68.26384364820933,75.09022801303027,61.4374592833884,Account Ownership,,
2025,128300000.0,,,Active Mobile Money,141130000.0,115470000.0
2026,206900000.0,,,Active Mobile Money,227590000.00000003,186210000.0
2027,285500000.0,,,Active Mobile Money,314050000.0,256950000.0
